{
  "keras": {
    "Accuracy": 0.9958333333333333,
    "Precision": 0.9989936262998994,
    "Recall": 0.9926666666666667,
    "F1 Score": 0.9958200969737502,
    "ROC-AUC": 0.9998165555555556,
    "Class labels": [
      "non-agri",
      "agri"
    ]
  },
  "pytorch": {
    "Accuracy": 0.999,
    "Precision": 0.999,
    "Recall": 0.999,
    "F1 Score": 0.999,
    "ROC-AUC": 0.999980888888889,
    "Class labels": [
      "non-agri",
      "agri"
    ]
  },
  "comparison_notes": "PyTorch slightly outperforms; both >99% accuracy for land classification."
}